track_id,status,reason,n_chars
64594,ok,,125
144545,ok,,974
49066,skipped,too_short_or_missing,20
152545,ok,,234
92206,ok,,125
148211,ok,,250
140875,ok,,162
129268,ok,,33
11770,skipped,too_short_or_missing,14
42031,ok,,39
75786,skipped,too_short_or_missing,27
56499,ok,,367
134486,skipped,too_short_or_missing,11
42138,ok,,95
25028,skipped,too_short_or_missing,23
10807,ok,,159
117631,ok,,172
145729,skipped,too_short_or_missing,23
134940,skipped,too_short_or_missing,8
63805,ok,,604
146681,skipped,too_short_or_missing,23
127182,ok,,156
9550,ok,,948
73171,ok,,287
4239,ok,,44
36275,skipped,too_short_or_missing,4
89486,ok,,83
145744,ok,,263
109905,ok,,160
105720,ok,,42
67007,ok,,227
38781,skipped,too_short_or_missing,10
123981,ok,,564
127274,ok,,166
137593,skipped,too_short_or_missing,21
63908,ok,,576
4685,ok,,1773
203,ok,,44
42046,ok,,453
40541,skipped,too_short_or_missing,1
13804,ok,,198
57078,ok,,507
10376,skipped,too_short_or_missing,3
86256,skipped,too_short_or_missing,15
71938,skipped,too_short_or_missing,10
145747,ok,,528
129407,ok,,256
112585,ok,,483
67766,ok,,128
129973,ok,,119
97697,ok,,225
99419,ok,,99
149138,ok,,578
56466,ok,,377
12047,ok,,181
135342,ok,,434
113700,skipped,too_short_or_missing,3
117627,ok,,197
138064,ok,,727
149100,ok,,789
32334,ok,,146
124702,ok,,583
141304,ok,,1006
71722,ok,,156
85482,ok,,201
97588,ok,,347
43883,ok,,253
32336,skipped,too_short_or_missing,9
38892,skipped,too_short_or_missing,4
80751,skipped,too_short_or_missing,5
6380,skipped,too_short_or_missing,5
112584,ok,,71
145745,ok,,549
64079,skipped,too_short_or_missing,14
122083,skipped,too_short_or_missing,10
131950,skipped,too_short_or_missing,23
137715,skipped,too_short_or_missing,8
1040,ok,,1241
30702,skipped,too_short_or_missing,10
110711,skipped,too_short_or_missing,10
58164,skipped,too_short_or_missing,1
11239,skipped,too_short_or_missing,7
122685,ok,,49
142086,ok,,541
27981,skipped,too_short_or_missing,12
113360,ok,,200
139770,ok,,237
17632,skipped,too_short_or_missing,11
24429,ok,,48
81037,skipped,too_short_or_missing,29
67765,ok,,59
110264,ok,,193
127866,skipped,too_short_or_missing,10
127559,ok,,303
615,skipped,too_short_or_missing,14
71715,ok,,229
60477,skipped,too_short_or_missing,10
27551,ok,,500
139687,skipped,too_short_or_missing,3
148604,ok,,136
27549,ok,,2725
18112,ok,,779
64523,ok,,419
43859,skipped,too_short_or_missing,23
40121,skipped,too_short_or_missing,10
4095,skipped,too_short_or_missing,11
109973,skipped,too_short_or_missing,3
59678,ok,,39
57968,skipped,too_short_or_missing,10
30043,ok,,3244
56649,skipped,too_short_or_missing,5
89848,ok,,2759
75419,ok,,429
138414,ok,,223
83898,ok,,141
53724,skipped,too_short_or_missing,29
38363,ok,,522
54664,skipped,too_short_or_missing,12
69785,ok,,71
1196,ok,,1317
95249,ok,,1206
86077,skipped,too_short_or_missing,10
127296,ok,,73
131767,ok,,328
16338,skipped,too_short_or_missing,25
9962,ok,,190
200,ok,,734
64859,ok,,67
1066,skipped,too_short_or_missing,10
49039,ok,,180
30059,ok,,245
67784,ok,,453
15540,skipped,too_short_or_missing,10
104357,ok,,214
37725,ok,,568
132141,ok,,33
107571,ok,,110
112065,ok,,328
113269,ok,,3096
256,ok,,3636
98581,ok,,2669
135371,ok,,234
28070,ok,,109
112527,ok,,400
78984,ok,,518
68543,ok,,167
38785,skipped,too_short_or_missing,10
107048,ok,,206
61820,ok,,443
63733,ok,,456
68549,ok,,48
134610,ok,,390
42030,ok,,262
11951,ok,,88
707,skipped,too_short_or_missing,14
30095,skipped,too_short_or_missing,18
84054,skipped,too_short_or_missing,7
75380,ok,,485
11200,ok,,162
118986,ok,,2441
12352,skipped,too_short_or_missing,21
138216,skipped,too_short_or_missing,10
59727,skipped,too_short_or_missing,10
47032,ok,,72
109960,skipped,too_short_or_missing,22
24365,skipped,too_short_or_missing,29
62592,skipped,too_short_or_missing,11
115850,ok,,34
70426,ok,,952
113275,ok,,50
11508,ok,,182
128504,ok,,1683
66483,skipped,too_short_or_missing,26
36959,ok,,1061
63626,skipped,too_short_or_missing,10
147020,ok,,365
38321,ok,,52
74385,ok,,948
16745,ok,,588
53379,ok,,372
128666,skipped,too_short_or_missing,12
108837,skipped,too_short_or_missing,23
108036,ok,,643
45521,skipped,too_short_or_missing,10
122004,skipped,too_short_or_missing,11
37325,skipped,too_short_or_missing,11
66058,ok,,109
22150,skipped,too_short_or_missing,18
99096,ok,,451
148231,ok,,262
43594,ok,,322
71251,ok,,2765
59719,skipped,too_short_or_missing,3
65756,ok,,511
89846,ok,,504
148190,skipped,too_short_or_missing,29
117846,skipped,too_short_or_missing,23
24422,ok,,48
107251,ok,,31
108059,ok,,305
10992,ok,,146
33538,ok,,837
86443,ok,,224
131454,ok,,206
35541,ok,,795
48367,skipped,too_short_or_missing,5
10374,skipped,too_short_or_missing,14
45515,skipped,too_short_or_missing,10
56552,skipped,too_short_or_missing,1
1661,ok,,368
110261,ok,,589
105825,skipped,too_short_or_missing,1
130168,skipped,too_short_or_missing,10
118498,ok,,79
130682,ok,,189
12051,ok,,100
126221,skipped,too_short_or_missing,3
51276,skipped,too_short_or_missing,10
62594,skipped,too_short_or_missing,20
123899,ok,,162
109685,ok,,557
11791,skipped,too_short_or_missing,18
69726,ok,,122
40233,ok,,208
119988,ok,,623
146969,ok,,243
46058,skipped,too_short_or_missing,10
80754,skipped,too_short_or_missing,29
71695,skipped,too_short_or_missing,23
111387,ok,,87
51333,skipped,too_short_or_missing,26
18146,skipped,too_short_or_missing,4
68579,skipped,too_short_or_missing,15
42240,skipped,too_short_or_missing,14
66646,skipped,too_short_or_missing,20
139123,skipped,too_short_or_missing,13
57179,ok,,94
69781,skipped,too_short_or_missing,3
10541,ok,,730
55119,ok,,1981
108809,ok,,226
84158,ok,,795
11298,ok,,1561
28480,skipped,too_short_or_missing,10
64590,skipped,too_short_or_missing,6
53576,ok,,91
12062,ok,,235
70773,skipped,too_short_or_missing,10
125185,ok,,43
4072,ok,,179
60548,skipped,too_short_or_missing,5
139804,ok,,418
91181,ok,,92
12521,ok,,448
91455,skipped,too_short_or_missing,19
90804,skipped,too_short_or_missing,10
49407,skipped,too_short_or_missing,3
56497,ok,,3147
96730,ok,,154
142949,ok,,845
17607,skipped,too_short_or_missing,13
98031,skipped,too_short_or_missing,16
43697,skipped,too_short_or_missing,10
98619,ok,,3162
58061,skipped,too_short_or_missing,6
210,ok,,98
112315,skipped,too_short_or_missing,2
84605,skipped,too_short_or_missing,24
91791,ok,,185
4511,ok,,133
43843,skipped,too_short_or_missing,5
148586,ok,,165
108745,ok,,276
126519,skipped,too_short_or_missing,20
21995,skipped,too_short_or_missing,10
12174,ok,,50
62742,skipped,too_short_or_missing,14
131771,skipped,too_short_or_missing,28
91130,ok,,73
69825,ok,,423
24717,skipped,too_short_or_missing,15
98552,ok,,50
19416,skipped,too_short_or_missing,10
134938,skipped,too_short_or_missing,5
142564,ok,,266
10381,ok,,1646
149778,skipped,too_short_or_missing,8
43063,skipped,too_short_or_missing,10
84788,ok,,103
67368,ok,,88
14316,ok,,189
132140,ok,,174
94468,ok,,523
75748,ok,,1340
12066,ok,,135
116388,ok,,83
109712,skipped,too_short_or_missing,16
117667,ok,,422
66648,ok,,1271
65685,skipped,too_short_or_missing,18
121288,skipped,too_short_or_missing,14
104434,skipped,too_short_or_missing,10
123641,skipped,too_short_or_missing,21
113037,ok,,2331
112252,ok,,1385
111386,ok,,98
50448,ok,,71
70005,skipped,too_short_or_missing,26
113311,skipped,too_short_or_missing,20
148608,ok,,285
44951,ok,,287
113203,skipped,too_short_or_missing,7
39259,skipped,too_short_or_missing,24
43842,skipped,too_short_or_missing,10
113933,skipped,too_short_or_missing,17
124996,ok,,146
142948,ok,,947
126557,skipped,too_short_or_missing,10
38894,skipped,too_short_or_missing,3
67793,ok,,504
50754,skipped,too_short_or_missing,6
38834,ok,,86
142947,ok,,967
58115,ok,,35
132454,ok,,216
131540,skipped,too_short_or_missing,10
13930,skipped,too_short_or_missing,1
144469,skipped,too_short_or_missing,10
132142,skipped,too_short_or_missing,3
119574,ok,,187
96694,ok,,249
50445,ok,,539
57176,ok,,94
135229,skipped,too_short_or_missing,10
17499,skipped,too_short_or_missing,23
107594,ok,,162
59708,ok,,55
2099,skipped,too_short_or_missing,10
148234,ok,,113
60756,ok,,1350
127188,ok,,93
1075,skipped,too_short_or_missing,20
144212,ok,,196
1197,ok,,502
13325,ok,,701
26036,ok,,3509
50752,skipped,too_short_or_missing,16
19891,skipped,too_short_or_missing,15
114044,ok,,51
133838,ok,,89
73468,ok,,301
91179,skipped,too_short_or_missing,10
45523,skipped,too_short_or_missing,10
59677,ok,,50
125777,skipped,too_short_or_missing,20
119025,ok,,53
79741,ok,,30
86634,ok,,342
145707,ok,,114
112088,ok,,221
72612,skipped,too_short_or_missing,5
55481,ok,,86
106277,ok,,308
70207,skipped,too_short_or_missing,11
107047,ok,,55
11946,skipped,too_short_or_missing,10
37779,skipped,too_short_or_missing,16
13768,ok,,2906
38908,skipped,too_short_or_missing,28
88879,ok,,1166
95189,skipped,too_short_or_missing,20
105451,ok,,563
49064,skipped,too_short_or_missing,3
29255,skipped,too_short_or_missing,9
55714,ok,,1789
67361,skipped,too_short_or_missing,15
121740,ok,,237
98551,ok,,514
110985,ok,,55
38880,skipped,too_short_or_missing,23
55295,skipped,too_short_or_missing,10
144939,ok,,101
126491,ok,,224
86441,skipped,too_short_or_missing,14
20296,ok,,1872
122362,ok,,114
26307,ok,,89
86799,skipped,too_short_or_missing,23
7378,ok,,144
94635,skipped,too_short_or_missing,5
10806,skipped,too_short_or_missing,21
93943,skipped,too_short_or_missing,9
54576,skipped,too_short_or_missing,3
1649,skipped,too_short_or_missing,10
54442,skipped,too_short_or_missing,10
75975,skipped,too_short_or_missing,10
42243,ok,,171
54578,skipped,too_short_or_missing,24
83954,skipped,too_short_or_missing,10
142085,ok,,1075
129926,ok,,275
91159,skipped,too_short_or_missing,10
71304,ok,,31
74387,skipped,too_short_or_missing,1
112468,ok,,167
74960,skipped,too_short_or_missing,1
98567,ok,,3253
85426,ok,,182
113950,ok,,299
142133,ok,,485
130650,skipped,too_short_or_missing,22
89473,ok,,2562
11306,ok,,1472
93716,ok,,60
109906,ok,,124
1644,ok,,165
141901,ok,,170
92124,skipped,too_short_or_missing,10
105443,ok,,687
52040,ok,,500
11299,skipped,too_short_or_missing,3
147409,ok,,274
21228,skipped,too_short_or_missing,20
96168,ok,,113
108300,ok,,46
58140,ok,,149
4013,ok,,3799
41310,ok,,87
90027,skipped,too_short_or_missing,10
85816,ok,,256
51271,ok,,1025
11774,skipped,too_short_or_missing,5
116547,skipped,too_short_or_missing,29
72565,skipped,too_short_or_missing,13
99436,ok,,166
123440,ok,,1560
46024,ok,,816
54568,skipped,too_short_or_missing,6
146151,ok,,439
107181,skipped,too_short_or_missing,5
59711,skipped,too_short_or_missing,15
104009,ok,,74
16334,skipped,too_short_or_missing,16
115944,ok,,650
12481,ok,,90
90987,ok,,473
88872,ok,,720
145751,ok,,504
6606,skipped,too_short_or_missing,18
70770,skipped,too_short_or_missing,20
5156,skipped,too_short_or_missing,10
11793,skipped,too_short_or_missing,10
148032,skipped,too_short_or_missing,23
112488,ok,,96
51661,ok,,998
897,skipped,too_short_or_missing,3
104064,ok,,607
85957,ok,,76
54365,ok,,417
72738,ok,,48
36961,ok,,94
66539,ok,,118
114396,skipped,too_short_or_missing,3
144179,ok,,2913
131940,ok,,93
113273,skipped,too_short_or_missing,11
145068,skipped,too_short_or_missing,20
27978,ok,,99
108308,skipped,too_short_or_missing,10
6856,ok,,1123
35537,ok,,600
64990,skipped,too_short_or_missing,18
38914,skipped,too_short_or_missing,23
66538,skipped,too_short_or_missing,5
107659,ok,,105
146481,ok,,228
130693,skipped,too_short_or_missing,4
91309,ok,,49
38823,skipped,too_short_or_missing,10
53592,ok,,48
74959,skipped,too_short_or_missing,3
38779,skipped,too_short_or_missing,10
117961,skipped,too_short_or_missing,9
32326,skipped,too_short_or_missing,10
138039,ok,,54
121256,skipped,too_short_or_missing,10
61175,ok,,1640
113697,skipped,too_short_or_missing,3
44853,skipped,too_short_or_missing,14
85954,ok,,86
113808,ok,,121
59723,ok,,38
114051,skipped,too_short_or_missing,20
112197,skipped,too_short_or_missing,16
138282,skipped,too_short_or_missing,10
110440,skipped,too_short_or_missing,10
134930,skipped,too_short_or_missing,2
57435,skipped,too_short_or_missing,1
4073,ok,,12528
150288,ok,,580
120183,ok,,876
10983,skipped,too_short_or_missing,4
93942,skipped,too_short_or_missing,2
43768,skipped,too_short_or_missing,5
59454,ok,,48
149101,ok,,1408
45513,skipped,too_short_or_missing,10
121976,skipped,too_short_or_missing,10
142358,ok,,516
19441,ok,,769
47202,skipped,too_short_or_missing,23
138040,ok,,2705
62452,ok,,48
126607,skipped,too_short_or_missing,10
129924,ok,,138
88960,ok,,244
118502,ok,,75
25795,skipped,too_short_or_missing,10
26681,ok,,3176
115948,ok,,375
85692,skipped,too_short_or_missing,6
107189,skipped,too_short_or_missing,17
64627,skipped,too_short_or_missing,10
94093,ok,,48
72570,skipped,too_short_or_missing,13
113696,skipped,too_short_or_missing,15
120178,ok,,144
139112,skipped,too_short_or_missing,10
3766,skipped,too_short_or_missing,20
36799,skipped,too_short_or_missing,10
36302,skipped,too_short_or_missing,20
993,ok,,276
36614,ok,,160
84154,ok,,397
60472,skipped,too_short_or_missing,23
80774,skipped,too_short_or_missing,13
96944,skipped,too_short_or_missing,9
127878,ok,,1714
36526,ok,,205
140620,ok,,119
126223,skipped,too_short_or_missing,20
11784,skipped,too_short_or_missing,23
83790,ok,,279
57178,ok,,2132
69830,skipped,too_short_or_missing,16
7488,ok,,538
17345,ok,,595
15880,skipped,too_short_or_missing,24
128710,skipped,too_short_or_missing,10
124461,skipped,too_short_or_missing,14
28479,skipped,too_short_or_missing,18
69554,skipped,too_short_or_missing,16
1510,ok,,86
120171,skipped,too_short_or_missing,3
127279,ok,,1329
63252,ok,,129
67673,ok,,83
127914,ok,,463
89445,ok,,1998
24748,skipped,too_short_or_missing,10
130347,ok,,327
108031,ok,,810
112484,skipped,too_short_or_missing,3
58162,skipped,too_short_or_missing,20
54064,ok,,31
11818,skipped,too_short_or_missing,3
62001,ok,,715
154305,ok,,40
43586,skipped,too_short_or_missing,10
62192,ok,,353
121318,skipped,too_short_or_missing,23
112583,ok,,61
60145,skipped,too_short_or_missing,5
79973,skipped,too_short_or_missing,9
47100,ok,,224
60074,skipped,too_short_or_missing,7
113284,ok,,1037
55234,skipped,too_short_or_missing,20
99368,ok,,101
150063,ok,,180
12484,ok,,136
108488,ok,,2055
121867,skipped,too_short_or_missing,5
127911,ok,,649
74371,skipped,too_short_or_missing,9
106937,ok,,92
11199,ok,,243
95914,ok,,2619
38886,skipped,too_short_or_missing,14
126786,ok,,108
36618,ok,,153
48862,skipped,too_short_or_missing,20
43536,skipped,too_short_or_missing,5
137720,ok,,204
43765,skipped,too_short_or_missing,5
71253,ok,,3705
18043,skipped,too_short_or_missing,3
33050,ok,,283
10439,skipped,too_short_or_missing,10
60873,skipped,too_short_or_missing,5
109068,skipped,too_short_or_missing,10
140873,ok,,135
144740,ok,,597
108489,ok,,459
134949,skipped,too_short_or_missing,2
78845,ok,,371
135054,skipped,too_short_or_missing,25
118504,skipped,too_short_or_missing,9
6357,ok,,75
47471,skipped,too_short_or_missing,29
39663,ok,,297
5381,skipped,too_short_or_missing,23
7386,skipped,too_short_or_missing,20
27550,ok,,511
19760,skipped,too_short_or_missing,11
134941,skipped,too_short_or_missing,10
59721,skipped,too_short_or_missing,10
35539,ok,,687
38819,skipped,too_short_or_missing,2
126357,ok,,79
55833,ok,,170
704,ok,,124
33486,skipped,too_short_or_missing,10
109445,ok,,136
46611,skipped,too_short_or_missing,5
108866,ok,,66
62448,ok,,597
122355,ok,,150
4232,ok,,35
64995,skipped,too_short_or_missing,12
44805,skipped,too_short_or_missing,18
38890,skipped,too_short_or_missing,9
30316,skipped,too_short_or_missing,29
4682,ok,,2310
13540,ok,,41
99375,skipped,too_short_or_missing,7
59685,skipped,too_short_or_missing,3
50543,ok,,1259
144544,ok,,612
4835,ok,,419
69188,ok,,323
129885,skipped,too_short_or_missing,3
39660,ok,,30
82629,skipped,too_short_or_missing,10
97690,ok,,202
141567,ok,,490
98624,ok,,1943
75782,skipped,too_short_or_missing,12
135224,skipped,too_short_or_missing,24
24426,ok,,48
7381,skipped,too_short_or_missing,10
112781,skipped,too_short_or_missing,16
140043,ok,,119
92872,skipped,too_short_or_missing,6
145706,ok,,64
137212,ok,,1955
85595,ok,,210
131953,skipped,too_short_or_missing,10
138015,ok,,121
130368,ok,,1785
109468,skipped,too_short_or_missing,15
88848,ok,,619
85817,skipped,too_short_or_missing,3
87490,skipped,too_short_or_missing,26
43026,skipped,too_short_or_missing,2
148235,skipped,too_short_or_missing,20
53937,ok,,46
112526,ok,,431
53589,ok,,116
119097,ok,,41
126224,skipped,too_short_or_missing,3
144547,ok,,1132
121869,ok,,837
148429,skipped,too_short_or_missing,10
10458,ok,,151
38967,ok,,267
62528,skipped,too_short_or_missing,10
43599,ok,,60
47510,ok,,1179
1720,skipped,too_short_or_missing,3
41605,skipped,too_short_or_missing,3
63255,ok,,124
6440,ok,,3777
49062,ok,,176
147022,skipped,too_short_or_missing,26
137719,skipped,too_short_or_missing,5
144180,ok,,907
99440,ok,,275
108774,skipped,too_short_or_missing,2
43899,ok,,367
123974,ok,,79
6331,skipped,too_short_or_missing,3
56015,skipped,too_short_or_missing,10
38362,ok,,53
52389,skipped,too_short_or_missing,22
12353,ok,,154
87430,skipped,too_short_or_missing,9
3264,skipped,too_short_or_missing,12
112066,ok,,30
132779,ok,,228
86116,ok,,92
53587,skipped,too_short_or_missing,11
116874,ok,,163
119118,skipped,too_short_or_missing,11
3720,skipped,too_short_or_missing,20
14391,ok,,493
92538,ok,,39
212,ok,,96
110775,ok,,522
131024,skipped,too_short_or_missing,27
28274,skipped,too_short_or_missing,10
47835,ok,,189
6389,skipped,too_short_or_missing,1
34167,ok,,342
117946,ok,,1455
78213,skipped,too_short_or_missing,24
23156,skipped,too_short_or_missing,14
113031,ok,,441
75745,ok,,291
88870,ok,,701
54465,skipped,too_short_or_missing,10
61670,skipped,too_short_or_missing,5
68854,skipped,too_short_or_missing,10
75927,ok,,68
133781,ok,,124
666,skipped,too_short_or_missing,15
72782,skipped,too_short_or_missing,20
1073,skipped,too_short_or_missing,6
52129,ok,,541
6679,ok,,67
110259,ok,,145
56694,skipped,too_short_or_missing,7
78516,ok,,698
127726,ok,,215
144809,skipped,too_short_or_missing,0
19442,ok,,174
43023,ok,,351
111392,ok,,159
100958,ok,,517
3721,skipped,too_short_or_missing,20
12351,ok,,166
52118,ok,,119
129051,ok,,220
106566,ok,,56
59659,skipped,too_short_or_missing,26
85427,ok,,70
121415,ok,,209
25668,ok,,435
80776,ok,,83
96718,ok,,174
72928,skipped,too_short_or_missing,27
145703,ok,,598
137567,skipped,too_short_or_missing,10
107577,ok,,30
11803,ok,,402
27547,ok,,790
42029,skipped,too_short_or_missing,23
93944,skipped,too_short_or_missing,10
142361,ok,,447
11862,ok,,639
44793,ok,,409
108505,skipped,too_short_or_missing,20
70423,ok,,51
127916,ok,,7075
131773,ok,,445
29350,skipped,too_short_or_missing,6
107950,ok,,253
39359,skipped,too_short_or_missing,20
121985,skipped,too_short_or_missing,11
100802,ok,,113
141902,skipped,too_short_or_missing,10
98578,ok,,3244
148612,ok,,104
57164,skipped,too_short_or_missing,13
11333,skipped,too_short_or_missing,3
129925,ok,,114
52501,ok,,230
24370,skipped,too_short_or_missing,16
38326,skipped,too_short_or_missing,10
104779,skipped,too_short_or_missing,10
9511,ok,,528
41709,ok,,168
57820,ok,,48
74942,skipped,too_short_or_missing,20
9555,ok,,819
64864,skipped,too_short_or_missing,18
11788,skipped,too_short_or_missing,10
49845,ok,,34
82778,ok,,308
127299,ok,,196
73519,skipped,too_short_or_missing,1
130084,ok,,195
133638,ok,,668
3905,ok,,204
29351,ok,,35
108957,ok,,47
5268,ok,,448
75784,ok,,175
85956,ok,,130
83789,ok,,191
13378,ok,,242
80755,skipped,too_short_or_missing,6
94449,ok,,389
16747,skipped,too_short_or_missing,10
115125,skipped,too_short_or_missing,18
114412,skipped,too_short_or_missing,1
96699,ok,,183
1702,ok,,107
85486,ok,,283
135221,skipped,too_short_or_missing,5
96698,ok,,1189
126427,ok,,49
96692,ok,,1012
141181,ok,,2204
75386,ok,,1691
95912,ok,,385
58543,skipped,too_short_or_missing,11
59725,skipped,too_short_or_missing,3
138320,ok,,284
142538,skipped,too_short_or_missing,20
6330,ok,,119
99439,skipped,too_short_or_missing,5
41820,skipped,too_short_or_missing,5
134389,skipped,too_short_or_missing,24
43019,ok,,327
56518,ok,,194
135372,ok,,238
105920,skipped,too_short_or_missing,18
108319,skipped,too_short_or_missing,23
98229,skipped,too_short_or_missing,15
109349,ok,,456
61821,ok,,409
3906,ok,,705
123968,skipped,too_short_or_missing,23
8259,ok,,314
102112,skipped,too_short_or_missing,3
53807,ok,,92
129880,skipped,too_short_or_missing,15
4102,skipped,too_short_or_missing,9
92129,skipped,too_short_or_missing,10
10,ok,,839
104066,ok,,368
126400,ok,,885
136275,skipped,too_short_or_missing,7
74945,ok,,573
18887,ok,,175
4096,ok,,174
98680,skipped,too_short_or_missing,8
43866,skipped,too_short_or_missing,18
131444,ok,,219
108808,ok,,3020
14733,ok,,1341
54236,ok,,1371
59446,ok,,74
54703,ok,,163
96400,skipped,too_short_or_missing,28
73175,ok,,238
27610,ok,,123
127542,ok,,182
92539,skipped,too_short_or_missing,27
29744,ok,,56
104067,skipped,too_short_or_missing,11
6469,skipped,too_short_or_missing,18
73820,skipped,too_short_or_missing,10
62184,ok,,183
6439,ok,,3160
9678,ok,,147
127066,ok,,158
25601,skipped,too_short_or_missing,10
119725,ok,,214
141561,ok,,260
40123,skipped,too_short_or_missing,10
113513,ok,,107
52041,skipped,too_short_or_missing,27
57272,skipped,too_short_or_missing,3
63804,ok,,127
130440,ok,,453
127908,ok,,130
56274,ok,,357
55233,ok,,171
132954,ok,,1995
38966,ok,,250
5159,skipped,too_short_or_missing,19
54667,skipped,too_short_or_missing,5
134981,ok,,1222
75396,ok,,1970
121592,ok,,251
142579,ok,,290
86562,skipped,too_short_or_missing,10
135010,skipped,too_short_or_missing,5
48446,skipped,too_short_or_missing,14
133780,ok,,82
87362,ok,,40
134962,skipped,too_short_or_missing,6
13928,ok,,70
50264,skipped,too_short_or_missing,10
112481,skipped,too_short_or_missing,14
99395,ok,,42
36984,skipped,too_short_or_missing,23
118279,ok,,136
105717,ok,,2687
1544,ok,,58
38898,skipped,too_short_or_missing,10
132789,ok,,479
4782,ok,,730
98576,skipped,too_short_or_missing,7
109449,ok,,302
15543,skipped,too_short_or_missing,5
68551,skipped,too_short_or_missing,12
182,ok,,2167
97373,skipped,too_short_or_missing,20
46238,ok,,39
6407,skipped,too_short_or_missing,21
61013,skipped,too_short_or_missing,5
113698,skipped,too_short_or_missing,3
75378,ok,,344
115922,ok,,124
58474,skipped,too_short_or_missing,10
694,ok,,575
63208,ok,,1250
50272,ok,,216
134942,ok,,48
40122,ok,,844
140,ok,,179
74389,ok,,112
20424,ok,,88
30058,skipped,too_short_or_missing,23
52500,ok,,122
145748,ok,,302
117991,skipped,too_short_or_missing,28
64408,skipped,too_short_or_missing,8
51265,ok,,535
42247,skipped,too_short_or_missing,5
87193,ok,,53
97589,ok,,1144
120196,ok,,252
98339,skipped,too_short_or_missing,6
11681,ok,,1243
40229,ok,,172
85027,ok,,111
46839,ok,,458
91934,ok,,835
88871,ok,,442
80686,ok,,85
38904,skipped,too_short_or_missing,3
138038,ok,,117
74445,skipped,too_short_or_missing,9
52121,skipped,too_short_or_missing,13
123825,ok,,83
129997,ok,,140
136094,ok,,1013
113305,skipped,too_short_or_missing,11
67359,skipped,too_short_or_missing,27
58117,ok,,125
25608,ok,,284
66717,ok,,175
42911,ok,,83
100799,ok,,148
99442,ok,,180
145257,ok,,48
111398,ok,,139
66643,ok,,221
135363,ok,,84
56030,ok,,144
56498,ok,,528
71620,ok,,203
54625,ok,,368
86118,skipped,too_short_or_missing,25
144741,ok,,52
113167,ok,,172
4068,skipped,too_short_or_missing,11
148605,ok,,51
98302,skipped,too_short_or_missing,10
72790,ok,,32
3904,ok,,705
86679,skipped,too_short_or_missing,17
29718,skipped,too_short_or_missing,20
62337,skipped,too_short_or_missing,11
128448,ok,,844
45128,ok,,187
41812,ok,,115
26011,skipped,too_short_or_missing,23
10386,ok,,194
37727,ok,,238
75372,ok,,417
145553,skipped,too_short_or_missing,18
59657,skipped,too_short_or_missing,7
45941,skipped,too_short_or_missing,10
131453,ok,,294
137500,ok,,83
64516,ok,,552
84057,skipped,too_short_or_missing,26
144475,skipped,too_short_or_missing,10
107578,skipped,too_short_or_missing,1
110082,ok,,419
123273,ok,,381
24702,skipped,too_short_or_missing,4
64631,skipped,too_short_or_missing,20
91164,ok,,31
22472,ok,,311
64006,ok,,81
57648,ok,,84
137740,ok,,1479
58542,skipped,too_short_or_missing,29
12488,skipped,too_short_or_missing,10
146150,ok,,558
37041,skipped,too_short_or_missing,17
1736,skipped,too_short_or_missing,23
111372,ok,,151
111335,ok,,785
119187,skipped,too_short_or_missing,10
38354,skipped,too_short_or_missing,10
106563,ok,,58
8208,ok,,54
72064,ok,,494
28483,skipped,too_short_or_missing,16
90695,ok,,502
88861,ok,,501
79978,ok,,30
121315,ok,,1928
86576,skipped,too_short_or_missing,11
85488,skipped,too_short_or_missing,12
41018,ok,,421
34994,ok,,320
128828,skipped,too_short_or_missing,16
3912,skipped,too_short_or_missing,10
42851,ok,,339
108969,ok,,53
73172,ok,,122
1039,ok,,244
75373,ok,,707
95309,skipped,too_short_or_missing,14
64919,skipped,too_short_or_missing,3
86720,skipped,too_short_or_missing,3
71691,ok,,556
12530,skipped,too_short_or_missing,20
116707,ok,,411
122001,skipped,too_short_or_missing,17
44851,skipped,too_short_or_missing,10
114939,skipped,too_short_or_missing,11
59667,ok,,198
44792,ok,,836
96678,ok,,569
45475,skipped,too_short_or_missing,5
54032,ok,,64
144471,skipped,too_short_or_missing,23
138217,skipped,too_short_or_missing,10
30740,skipped,too_short_or_missing,5
126782,ok,,270
12527,ok,,80
13666,skipped,too_short_or_missing,20
98569,ok,,3415
49479,ok,,1243
92878,ok,,344
75862,ok,,218
11868,ok,,394
75376,ok,,630
110208,skipped,too_short_or_missing,10
117666,ok,,481
148535,ok,,34
81084,skipped,too_short_or_missing,23
5264,ok,,3972
83558,ok,,584
105722,skipped,too_short_or_missing,2
145705,ok,,547
136709,ok,,70
41095,skipped,too_short_or_missing,10
87972,ok,,80
150078,skipped,too_short_or_missing,20
63045,ok,,1322
34484,skipped,too_short_or_missing,10
91319,ok,,317
34257,ok,,87
122077,skipped,too_short_or_missing,11
123986,ok,,584
62188,ok,,1679
64659,skipped,too_short_or_missing,11
6802,skipped,too_short_or_missing,20
62194,skipped,too_short_or_missing,3
109904,ok,,34
133333,ok,,85
40139,ok,,136
123645,skipped,too_short_or_missing,20
56888,skipped,too_short_or_missing,7
51655,ok,,228
40133,skipped,too_short_or_missing,9
51275,ok,,222
111460,ok,,49
53727,ok,,211
38323,skipped,too_short_or_missing,14
129683,ok,,171
67829,skipped,too_short_or_missing,5
25104,ok,,303
62193,skipped,too_short_or_missing,20
71244,ok,,2832
127277,skipped,too_short_or_missing,1
85492,ok,,88
70660,skipped,too_short_or_missing,20
28072,skipped,too_short_or_missing,4
95910,ok,,469
119727,skipped,too_short_or_missing,10
74383,ok,,207
87154,ok,,151
35544,ok,,1061
52861,skipped,too_short_or_missing,7
149422,skipped,too_short_or_missing,10
83438,ok,,538
69823,ok,,505
113016,skipped,too_short_or_missing,23
84290,ok,,414
13927,ok,,161
90625,ok,,717
129889,skipped,too_short_or_missing,20
72050,ok,,572
121590,skipped,too_short_or_missing,15
116587,skipped,too_short_or_missing,10
4684,ok,,2479
138016,ok,,32
101951,ok,,267
49394,ok,,137
59930,skipped,too_short_or_missing,10
95535,ok,,156
150017,skipped,too_short_or_missing,23
130710,ok,,643
7554,skipped,too_short_or_missing,9
126426,ok,,110
85592,ok,,195
26642,skipped,too_short_or_missing,6
145704,ok,,200
22479,skipped,too_short_or_missing,12
64556,ok,,109
15464,skipped,too_short_or_missing,1
58161,ok,,468
12048,ok,,128
92508,ok,,111
126676,ok,,93
91869,skipped,too_short_or_missing,13
126522,skipped,too_short_or_missing,10
148289,skipped,too_short_or_missing,2
53152,ok,,370
26014,skipped,too_short_or_missing,20
49846,ok,,123
14736,ok,,478
153383,ok,,457
91102,ok,,172
56688,skipped,too_short_or_missing,20
54437,skipped,too_short_or_missing,20
11779,ok,,48
92131,ok,,905
87187,ok,,166
55831,ok,,90
44822,ok,,83
95915,ok,,2806
129923,ok,,393
62751,ok,,48
91160,skipped,too_short_or_missing,10
53158,skipped,too_short_or_missing,14
140576,ok,,236
91312,ok,,58
67358,ok,,123
84056,ok,,237
135028,ok,,377
68531,skipped,too_short_or_missing,9
75420,ok,,486
39661,skipped,too_short_or_missing,1
145743,ok,,295
10673,ok,,654
51272,ok,,358
55237,skipped,too_short_or_missing,20
56519,ok,,191
13220,ok,,52
39278,skipped,too_short_or_missing,10
52522,ok,,209
142519,ok,,153
86417,ok,,515
64364,ok,,300
148031,skipped,too_short_or_missing,17
32335,ok,,61
144937,ok,,161
62529,ok,,212
144941,ok,,586
56648,skipped,too_short_or_missing,16
86680,skipped,too_short_or_missing,10
73779,skipped,too_short_or_missing,16
574,ok,,300
73778,ok,,1026
190,ok,,303
66469,skipped,too_short_or_missing,12
74381,ok,,101
123977,skipped,too_short_or_missing,23
106571,skipped,too_short_or_missing,23
71721,skipped,too_short_or_missing,20
60331,skipped,too_short_or_missing,13
42238,skipped,too_short_or_missing,5
47895,ok,,272
149118,ok,,310
122358,ok,,184
52123,ok,,372
137898,ok,,414
142129,ok,,746
43911,skipped,too_short_or_missing,10
11780,skipped,too_short_or_missing,23
7385,skipped,too_short_or_missing,20
108497,ok,,435
113036,ok,,2331
75375,ok,,331
119922,ok,,168
4071,ok,,270
118739,ok,,39
12691,skipped,too_short_or_missing,13
99370,skipped,too_short_or_missing,16
110611,skipped,too_short_or_missing,4
75383,skipped,too_short_or_missing,21
111187,ok,,126
11020,skipped,too_short_or_missing,10
124391,ok,,53
54463,skipped,too_short_or_missing,20
82630,skipped,too_short_or_missing,10
118084,ok,,144
113260,ok,,197
22001,skipped,too_short_or_missing,12
63257,ok,,204
16821,ok,,2515
68353,ok,,219
89441,ok,,196
150015,ok,,71
57274,skipped,too_short_or_missing,27
122935,skipped,too_short_or_missing,15
80035,ok,,126
130711,ok,,517
98297,ok,,54
129972,ok,,658
87189,ok,,75
110546,ok,,180
110980,skipped,too_short_or_missing,3
59561,skipped,too_short_or_missing,23
80697,ok,,42
17609,skipped,too_short_or_missing,24
55122,ok,,2830
79616,ok,,436
137561,skipped,too_short_or_missing,14
115935,ok,,149
98584,ok,,2858
17906,ok,,244
114414,skipped,too_short_or_missing,20
89212,ok,,1515
85598,ok,,98
141877,skipped,too_short_or_missing,20
4788,ok,,156
62534,skipped,too_short_or_missing,10
705,skipped,too_short_or_missing,15
122190,skipped,too_short_or_missing,10
197,skipped,too_short_or_missing,3
73821,skipped,too_short_or_missing,10
98622,ok,,1312
91471,skipped,too_short_or_missing,18
107184,skipped,too_short_or_missing,9
21672,ok,,113
118672,ok,,79
126103,ok,,858
11792,ok,,101
76036,ok,,144
48488,skipped,too_short_or_missing,25
142576,skipped,too_short_or_missing,21
83718,ok,,116
103800,ok,,1009
93074,ok,,1139
61734,ok,,240
54234,ok,,1097
62525,skipped,too_short_or_missing,20
4037,ok,,1341
144181,ok,,1460
98623,ok,,3191
129622,skipped,too_short_or_missing,23
113267,skipped,too_short_or_missing,3
85307,ok,,157
65619,ok,,123
63250,skipped,too_short_or_missing,17
11059,ok,,197
114404,skipped,too_short_or_missing,10
83437,ok,,518
94102,ok,,57
11786,skipped,too_short_or_missing,23
133632,ok,,99
106463,skipped,too_short_or_missing,14
97037,ok,,440
140583,ok,,761
38901,skipped,too_short_or_missing,9
126521,skipped,too_short_or_missing,15
60535,skipped,too_short_or_missing,11
51115,skipped,too_short_or_missing,10
20704,ok,,243
140584,skipped,too_short_or_missing,20
45119,ok,,71
3920,skipped,too_short_or_missing,10
64521,skipped,too_short_or_missing,20
41965,skipped,too_short_or_missing,15
84817,ok,,135
129876,ok,,218
64862,skipped,too_short_or_missing,24
109481,ok,,692
33072,ok,,357
44946,skipped,too_short_or_missing,3
145607,ok,,2635
142531,ok,,135
115273,skipped,too_short_or_missing,5
71230,ok,,3641
136054,ok,,376
98585,ok,,1996
115267,skipped,too_short_or_missing,15
105916,skipped,too_short_or_missing,10
142552,ok,,155
38887,skipped,too_short_or_missing,3
10677,ok,,1457
43173,ok,,246
53381,ok,,337
32338,skipped,too_short_or_missing,23
131624,skipped,too_short_or_missing,10
59702,ok,,132
55288,ok,,127
42129,skipped,too_short_or_missing,11
57437,skipped,too_short_or_missing,1
43699,skipped,too_short_or_missing,11
81033,skipped,too_short_or_missing,1
146153,ok,,533
130702,skipped,too_short_or_missing,11
10670,ok,,1373
122472,skipped,too_short_or_missing,14
150073,ok,,82
142549,ok,,140
27803,skipped,too_short_or_missing,20
128477,ok,,662
70174,skipped,too_short_or_missing,10
85400,skipped,too_short_or_missing,15
131019,ok,,212
11234,skipped,too_short_or_missing,19
133275,skipped,too_short_or_missing,20
132455,ok,,236
71693,skipped,too_short_or_missing,20
121594,ok,,346
117669,ok,,42
99093,ok,,450
32329,ok,,269
47198,ok,,95
124517,skipped,too_short_or_missing,17
77572,ok,,281
21657,skipped,too_short_or_missing,1
56467,skipped,too_short_or_missing,26
76073,skipped,too_short_or_missing,8
87323,ok,,193
121570,ok,,742
10186,ok,,162
144472,skipped,too_short_or_missing,2
3779,skipped,too_short_or_missing,1
75317,skipped,too_short_or_missing,3
48494,skipped,too_short_or_missing,5
26765,skipped,too_short_or_missing,27
29961,skipped,too_short_or_missing,20
75869,ok,,65
105141,ok,,151
35007,skipped,too_short_or_missing,7
138311,ok,,106
17635,skipped,too_short_or_missing,10
131941,skipped,too_short_or_missing,10
104724,skipped,too_short_or_missing,15
56690,ok,,69
5169,skipped,too_short_or_missing,11
70772,skipped,too_short_or_missing,20
125721,ok,,255
125195,ok,,190
84155,ok,,752
141878,skipped,too_short_or_missing,3
5936,ok,,986
126673,ok,,106
71158,ok,,524
59445,ok,,115
718,ok,,204
30090,skipped,too_short_or_missing,10
53160,skipped,too_short_or_missing,10
65683,ok,,276
57819,skipped,too_short_or_missing,8
72927,skipped,too_short_or_missing,3
113030,ok,,467
4510,skipped,too_short_or_missing,3
137717,skipped,too_short_or_missing,10
59663,skipped,too_short_or_missing,5
68842,skipped,too_short_or_missing,10
108460,ok,,1233
145258,skipped,too_short_or_missing,23
3265,skipped,too_short_or_missing,14
91960,ok,,162
21998,skipped,too_short_or_missing,6
142088,ok,,1680
75427,ok,,496
60144,skipped,too_short_or_missing,11
59666,skipped,too_short_or_missing,18
63258,ok,,99
11264,ok,,1124
116446,ok,,57
110274,skipped,too_short_or_missing,3
88868,ok,,855
48044,ok,,104
144466,skipped,too_short_or_missing,10
38961,ok,,1489
73776,skipped,too_short_or_missing,10
11922,skipped,too_short_or_missing,7
126608,skipped,too_short_or_missing,20
106569,ok,,197
71622,ok,,60
64035,ok,,276
32756,ok,,296
63159,skipped,too_short_or_missing,10
44802,skipped,too_short_or_missing,10
6370,ok,,50
88875,ok,,855
136706,ok,,85
26022,skipped,too_short_or_missing,23
48444,skipped,too_short_or_missing,18
5170,skipped,too_short_or_missing,16
88864,ok,,464
118277,ok,,83
98580,ok,,3623
55293,ok,,125
59653,ok,,86
62749,ok,,924
137551,skipped,too_short_or_missing,14
21774,skipped,too_short_or_missing,1
88856,ok,,774
31390,ok,,74
11778,ok,,101
43028,skipped,too_short_or_missing,15
64522,ok,,45
10678,ok,,143
148514,ok,,121
6368,skipped,too_short_or_missing,6
64604,skipped,too_short_or_missing,10
85955,ok,,59
33067,ok,,790
74370,ok,,141
144543,ok,,1444
40236,ok,,76
52393,ok,,86
112485,skipped,too_short_or_missing,23
112780,skipped,too_short_or_missing,9
120194,skipped,too_short_or_missing,14
134094,ok,,36
94631,ok,,250
141566,ok,,506
44110,ok,,102
64893,skipped,too_short_or_missing,10
64591,ok,,92
11773,skipped,too_short_or_missing,20
128699,ok,,158
98346,skipped,too_short_or_missing,20
148187,ok,,161
87361,skipped,too_short_or_missing,10
122398,ok,,146
86263,ok,,30
9888,skipped,too_short_or_missing,10
98574,ok,,532
144214,skipped,too_short_or_missing,23
113934,ok,,83
127203,ok,,228
86721,skipped,too_short_or_missing,10
24368,skipped,too_short_or_missing,18
99345,ok,,164
126550,skipped,too_short_or_missing,3
53723,skipped,too_short_or_missing,11
55710,ok,,36
122936,ok,,142
125196,ok,,147
16997,skipped,too_short_or_missing,3
27454,skipped,too_short_or_missing,11
22477,ok,,103
56693,skipped,too_short_or_missing,25
83911,ok,,140
17605,ok,,148
91170,ok,,191
138061,skipped,too_short_or_missing,20
91899,skipped,too_short_or_missing,18
85968,ok,,1304
61491,skipped,too_short_or_missing,20
84055,skipped,too_short_or_missing,7
101864,skipped,too_short_or_missing,10
72288,skipped,too_short_or_missing,13
58221,ok,,1542
106522,skipped,too_short_or_missing,1
70403,ok,,300
107852,ok,,149
148510,ok,,143
60045,skipped,too_short_or_missing,19
97813,skipped,too_short_or_missing,10
119994,ok,,520
54039,skipped,too_short_or_missing,29
113021,skipped,too_short_or_missing,7
129049,skipped,too_short_or_missing,10
70768,skipped,too_short_or_missing,17
83719,ok,,48
144172,ok,,490
107028,ok,,3461
36481,ok,,79
109448,ok,,93
68853,skipped,too_short_or_missing,10
114275,skipped,too_short_or_missing,10
111395,ok,,185
98348,skipped,too_short_or_missing,5
91317,skipped,too_short_or_missing,10
4509,skipped,too_short_or_missing,2
1682,ok,,39
58174,ok,,158
138218,ok,,567
78833,ok,,1090
72289,ok,,231
145551,ok,,140
15210,ok,,1514
55289,skipped,too_short_or_missing,27
6387,skipped,too_short_or_missing,3
64517,ok,,513
98671,ok,,85
144213,ok,,455
99371,ok,,122
14601,ok,,361
777,ok,,232
114399,skipped,too_short_or_missing,9
38828,ok,,281
19889,ok,,72
1681,skipped,too_short_or_missing,14
137356,skipped,too_short_or_missing,3
11867,ok,,66
56641,ok,,459
51260,ok,,88
26302,ok,,107
36560,ok,,276
98620,ok,,2068
84417,skipped,too_short_or_missing,16
21999,skipped,too_short_or_missing,10
109900,ok,,84
43521,skipped,too_short_or_missing,5
142093,ok,,498
122804,ok,,344
621,ok,,742
152258,ok,,36
21402,ok,,103
998,skipped,too_short_or_missing,14
9477,skipped,too_short_or_missing,18
43588,ok,,269
94419,ok,,98
75425,ok,,389
76071,ok,,185
71240,ok,,1838
12532,ok,,95
126510,skipped,too_short_or_missing,10
31392,ok,,195
50836,ok,,78
73174,skipped,too_short_or_missing,5
70775,skipped,too_short_or_missing,10
52034,ok,,1579
147085,ok,,339
63457,skipped,too_short_or_missing,20
67598,skipped,too_short_or_missing,5
48369,skipped,too_short_or_missing,14
43172,ok,,52
19758,ok,,424
144492,skipped,too_short_or_missing,11
10387,ok,,129
75929,skipped,too_short_or_missing,2
66649,skipped,too_short_or_missing,1
51261,ok,,1941
111937,ok,,471
68872,ok,,54
67557,ok,,170
39666,ok,,185
74302,skipped,too_short_or_missing,16
87192,ok,,174
56247,ok,,2884
69002,skipped,too_short_or_missing,13
58170,ok,,41
67237,ok,,88
16878,skipped,too_short_or_missing,21
43695,ok,,3786
131764,ok,,255
2,ok,,3332
32687,ok,,794
140872,ok,,178
139876,skipped,too_short_or_missing,22
73763,ok,,2537
17344,ok,,93
3910,ok,,872
80758,skipped,too_short_or_missing,12
34510,skipped,too_short_or_missing,10
54475,skipped,too_short_or_missing,10
8416,ok,,51
134932,ok,,88
118958,skipped,too_short_or_missing,15
6376,skipped,too_short_or_missing,5
148218,skipped,too_short_or_missing,18
13748,ok,,453
44799,skipped,too_short_or_missing,11
3598,ok,,136
29752,ok,,1295
12692,skipped,too_short_or_missing,10
13556,ok,,761
125237,ok,,299
107579,skipped,too_short_or_missing,10
30198,skipped,too_short_or_missing,7
140623,ok,,561
64078,ok,,20723
135220,skipped,too_short_or_missing,24
113264,ok,,200
74374,ok,,782
368,ok,,1389
123333,skipped,too_short_or_missing,8
44947,skipped,too_short_or_missing,19
42914,ok,,1702
132453,ok,,156
114201,ok,,201
89859,ok,,591
63044,ok,,1000
11198,ok,,174
69833,skipped,too_short_or_missing,23
115597,skipped,too_short_or_missing,3
66405,skipped,too_short_or_missing,23
78834,ok,,1786
26301,skipped,too_short_or_missing,10
33278,skipped,too_short_or_missing,10
43029,ok,,356
3624,ok,,190
49072,ok,,36
96408,ok,,79
86081,skipped,too_short_or_missing,10
10676,skipped,too_short_or_missing,23
94026,ok,,417
38827,skipped,too_short_or_missing,10
64091,skipped,too_short_or_missing,10
75930,skipped,too_short_or_missing,3
142551,ok,,198
98613,ok,,3794
56033,skipped,too_short_or_missing,10
73486,skipped,too_short_or_missing,1
4235,ok,,40
134939,skipped,too_short_or_missing,5
12526,ok,,3078
137723,skipped,too_short_or_missing,1
48864,ok,,369
86762,skipped,too_short_or_missing,11
6360,skipped,too_short_or_missing,5
133798,ok,,378
83439,ok,,1211
75230,skipped,too_short_or_missing,19
57661,ok,,3425
123278,ok,,96
114398,skipped,too_short_or_missing,10
18607,skipped,too_short_or_missing,10
110771,skipped,too_short_or_missing,7
141179,ok,,2204
126559,skipped,too_short_or_missing,23
132914,skipped,too_short_or_missing,15
126506,skipped,too_short_or_missing,10
11920,skipped,too_short_or_missing,13
107567,ok,,251
125778,ok,,288
127276,ok,,115
55291,ok,,130
48493,skipped,too_short_or_missing,3
57628,skipped,too_short_or_missing,5
137213,skipped,too_short_or_missing,4
37784,ok,,220
107476,ok,,2449
129094,skipped,too_short_or_missing,11
130456,ok,,428
3778,ok,,1562
108038,ok,,768
74392,ok,,150
79985,ok,,224
111399,ok,,204
128799,skipped,too_short_or_missing,10
85691,skipped,too_short_or_missing,10
62187,skipped,too_short_or_missing,23
121998,skipped,too_short_or_missing,10
59720,ok,,39
114403,skipped,too_short_or_missing,10
86119,skipped,too_short_or_missing,10
128878,skipped,too_short_or_missing,13
42235,ok,,483
121738,ok,,227
73585,skipped,too_short_or_missing,10
69792,skipped,too_short_or_missing,5
120188,skipped,too_short_or_missing,20
55120,ok,,2902
26643,skipped,too_short_or_missing,20
126295,skipped,too_short_or_missing,5
24217,ok,,375
110744,ok,,299
56249,ok,,215
142402,ok,,83
97585,ok,,961
13670,ok,,586
129969,ok,,104
145058,ok,,98
112215,skipped,too_short_or_missing,10
121737,ok,,175
58333,ok,,217
64834,ok,,170
42659,ok,,78
6675,skipped,too_short_or_missing,3
54297,ok,,140
83717,ok,,3732
82250,skipped,too_short_or_missing,18
62195,ok,,1194
126790,ok,,177
13199,skipped,too_short_or_missing,20
119086,ok,,167
123866,ok,,200
60753,skipped,too_short_or_missing,13
132436,skipped,too_short_or_missing,13
143095,ok,,83
51114,skipped,too_short_or_missing,10
141180,ok,,2204
45514,skipped,too_short_or_missing,10
142360,ok,,382
98556,ok,,496
23172,ok,,41
709,ok,,328
13591,skipped,too_short_or_missing,29
142132,ok,,482
74546,ok,,140
3725,ok,,705
125190,ok,,192
123099,ok,,741
46726,ok,,461
132786,ok,,35
87324,ok,,1545
84009,ok,,148
890,skipped,too_short_or_missing,3
52380,ok,,77
11261,ok,,179
54464,skipped,too_short_or_missing,10
11334,skipped,too_short_or_missing,14
43863,skipped,too_short_or_missing,19
129393,ok,,204
109450,ok,,524
106877,skipped,too_short_or_missing,1
85599,ok,,114
73170,ok,,163
10679,ok,,202
54467,skipped,too_short_or_missing,20
62596,skipped,too_short_or_missing,11
58070,ok,,77
108457,ok,,775
27609,skipped,too_short_or_missing,21
49842,ok,,102
108461,ok,,236
142575,ok,,61
124425,ok,,173
105145,skipped,too_short_or_missing,20
53299,skipped,too_short_or_missing,20
108298,ok,,84
26638,ok,,127
63472,skipped,too_short_or_missing,26
116451,skipped,too_short_or_missing,10
28692,ok,,140
32327,skipped,too_short_or_missing,29
33070,ok,,122
66180,ok,,43
22000,skipped,too_short_or_missing,10
131567,ok,,131
86262,ok,,301
138318,ok,,227
148607,ok,,189
11785,ok,,47
110447,skipped,too_short_or_missing,10
144467,skipped,too_short_or_missing,7
38522,skipped,too_short_or_missing,14
127300,ok,,1047
105917,skipped,too_short_or_missing,10
39875,skipped,too_short_or_missing,20
101116,ok,,354
12482,ok,,168
108496,ok,,392
60146,skipped,too_short_or_missing,2
85600,skipped,too_short_or_missing,23
22088,ok,,491
107025,ok,,2311
111396,ok,,73
52044,ok,,48
12146,ok,,1268
85420,ok,,177
90982,ok,,523
109686,ok,,491
138215,ok,,109
74380,ok,,176
140625,skipped,too_short_or_missing,9
141166,ok,,229
83969,ok,,45
47868,ok,,138
88873,ok,,501
98701,ok,,165
127266,ok,,277
38829,skipped,too_short_or_missing,11
133294,skipped,too_short_or_missing,29
93076,ok,,295
118478,ok,,98
106457,skipped,too_short_or_missing,10
64856,skipped,too_short_or_missing,10
42135,skipped,too_short_or_missing,11
49848,skipped,too_short_or_missing,27
94634,ok,,184
43593,ok,,173
85791,ok,,169
56650,skipped,too_short_or_missing,5
94348,ok,,193
78848,ok,,356
136928,skipped,too_short_or_missing,20
147269,ok,,430
47195,skipped,too_short_or_missing,14
71711,skipped,too_short_or_missing,22
99389,skipped,too_short_or_missing,6
690,ok,,83
55716,ok,,2578
127190,ok,,78
88878,ok,,619
87431,skipped,too_short_or_missing,11
134979,ok,,38
6358,skipped,too_short_or_missing,14
154309,skipped,too_short_or_missing,12
88874,ok,,462
6379,skipped,too_short_or_missing,5
6854,ok,,1848
107046,skipped,too_short_or_missing,9
29180,ok,,48
44801,skipped,too_short_or_missing,11
6611,ok,,348
26641,ok,,125
76437,ok,,238
110205,skipped,too_short_or_missing,10
152418,skipped,too_short_or_missing,8
142128,ok,,167
74388,ok,,140
10382,skipped,too_short_or_missing,10
129920,ok,,404
43517,skipped,too_short_or_missing,5
55286,skipped,too_short_or_missing,25
122807,ok,,202
4094,skipped,too_short_or_missing,3
10993,ok,,819
105887,ok,,1520
96729,ok,,117
55076,ok,,65
109978,ok,,105
141564,skipped,too_short_or_missing,11
52948,ok,,139
12508,skipped,too_short_or_missing,29
143220,ok,,2103
113032,ok,,392
3895,skipped,too_short_or_missing,15
108491,ok,,465
115927,ok,,79
104725,skipped,too_short_or_missing,10
53591,skipped,too_short_or_missing,8
24420,ok,,314
69766,skipped,too_short_or_missing,11
148609,skipped,too_short_or_missing,13
131774,skipped,too_short_or_missing,11
120779,skipped,too_short_or_missing,17
91459,skipped,too_short_or_missing,12
108836,ok,,42
83511,ok,,894
132449,ok,,165
59669,skipped,too_short_or_missing,29
114413,skipped,too_short_or_missing,10
69564,skipped,too_short_or_missing,20
52036,ok,,95
40232,skipped,too_short_or_missing,3
127422,skipped,too_short_or_missing,16
150064,ok,,127
59718,ok,,89
72136,ok,,509
63161,ok,,40
55101,skipped,too_short_or_missing,20
104086,skipped,too_short_or_missing,12
126598,skipped,too_short_or_missing,10
145005,ok,,205
21231,ok,,292
22473,skipped,too_short_or_missing,11
96731,ok,,251
110230,ok,,2775
75755,ok,,534
113024,skipped,too_short_or_missing,6
126403,ok,,1319
117630,skipped,too_short_or_missing,28
79575,ok,,329
38818,ok,,201
55572,ok,,447
135223,skipped,too_short_or_missing,24
120150,ok,,133
38888,skipped,too_short_or_missing,14
43595,skipped,too_short_or_missing,6
91797,ok,,202
40542,skipped,too_short_or_missing,1
62589,skipped,too_short_or_missing,10
4777,ok,,798
33460,ok,,538
124480,skipped,too_short_or_missing,27
152262,skipped,too_short_or_missing,10
132788,ok,,205
25235,skipped,too_short_or_missing,10
41714,skipped,too_short_or_missing,21
97568,ok,,488
59684,skipped,too_short_or_missing,20
6393,skipped,too_short_or_missing,5
108502,skipped,too_short_or_missing,7
11544,ok,,42
144215,skipped,too_short_or_missing,23
25063,skipped,too_short_or_missing,5
125003,skipped,too_short_or_missing,10
129400,ok,,197
67412,ok,,298
128441,ok,,566
149488,ok,,119
48317,skipped,too_short_or_missing,10
34511,skipped,too_short_or_missing,10
116514,ok,,2053
93981,ok,,41
98577,ok,,2328
72056,skipped,too_short_or_missing,15
44821,skipped,too_short_or_missing,3
143218,ok,,122
116452,ok,,35
85951,skipped,too_short_or_missing,28
41191,ok,,763
96946,ok,,93
44169,ok,,46
3533,ok,,730
27799,ok,,551
113018,ok,,61
13578,skipped,too_short_or_missing,29
44794,ok,,152
31389,ok,,52
126430,ok,,1498
3532,ok,,563
11683,ok,,1651
129927,skipped,too_short_or_missing,10
128882,skipped,too_short_or_missing,5
38782,ok,,37
16820,skipped,too_short_or_missing,20
104668,ok,,3727
121591,ok,,233
71884,skipped,too_short_or_missing,28
49030,ok,,498
19423,skipped,too_short_or_missing,10
44781,skipped,too_short_or_missing,22
5171,skipped,too_short_or_missing,10
149452,skipped,too_short_or_missing,20
98669,skipped,too_short_or_missing,3
43962,skipped,too_short_or_missing,10
31999,ok,,407
148186,ok,,113
81083,skipped,too_short_or_missing,23
44848,skipped,too_short_or_missing,10
10671,ok,,1538
14739,ok,,81
55235,ok,,65
98579,ok,,4372
88900,ok,,41
102195,skipped,too_short_or_missing,16
27164,skipped,too_short_or_missing,19
137417,ok,,100
87971,ok,,31
20469,ok,,1450
108304,ok,,157
68861,skipped,too_short_or_missing,20
61589,skipped,too_short_or_missing,10
75314,skipped,too_short_or_missing,1
24699,skipped,too_short_or_missing,21
131552,ok,,61
117943,ok,,425
86117,ok,,263
93712,ok,,117
62190,ok,,134
10535,skipped,too_short_or_missing,19
11763,skipped,too_short_or_missing,23
55121,ok,,3025
14743,ok,,1146
22094,ok,,4408
129406,ok,,203
74955,ok,,579
48763,skipped,too_short_or_missing,10
71175,skipped,too_short_or_missing,10
27805,ok,,112
91184,skipped,too_short_or_missing,10
129910,ok,,3079
114430,skipped,too_short_or_missing,16
148,skipped,too_short_or_missing,3
70425,ok,,108
129874,skipped,too_short_or_missing,20
123972,skipped,too_short_or_missing,4
128443,ok,,462
1929,ok,,48
97886,skipped,too_short_or_missing,22
49068,ok,,112
42236,skipped,too_short_or_missing,10
6674,skipped,too_short_or_missing,1
9505,skipped,too_short_or_missing,3
51263,skipped,too_short_or_missing,20
60317,ok,,148
104356,ok,,31
94628,ok,,123
137907,ok,,333
75418,ok,,365
75194,ok,,1933
133835,ok,,125
145742,ok,,733
42310,skipped,too_short_or_missing,10
55719,ok,,971
101868,ok,,263
138319,skipped,too_short_or_missing,16
6782,skipped,too_short_or_missing,11
111188,ok,,92
46043,skipped,too_short_or_missing,18
59709,ok,,171
57937,ok,,319
19420,skipped,too_short_or_missing,20
58060,ok,,48
51992,skipped,too_short_or_missing,10
5940,ok,,278
17608,skipped,too_short_or_missing,5
43021,ok,,410
142516,ok,,94
148168,ok,,395
67330,ok,,124
116458,skipped,too_short_or_missing,15
25797,ok,,83
10668,skipped,too_short_or_missing,3
127541,ok,,65
129882,ok,,235
134826,skipped,too_short_or_missing,20
10698,ok,,67
56559,skipped,too_short_or_missing,21
135338,ok,,362
75883,skipped,too_short_or_missing,5
43691,skipped,too_short_or_missing,14
140421,ok,,153
4780,ok,,157
11505,ok,,147
24975,skipped,too_short_or_missing,3
31391,ok,,86
708,skipped,too_short_or_missing,6
94099,ok,,68
118569,ok,,311
8357,ok,,299
107029,ok,,4040
147956,ok,,787
27613,ok,,197
92889,skipped,too_short_or_missing,6
88877,ok,,464
99362,ok,,70
99214,ok,,92
91851,skipped,too_short_or_missing,10
121929,skipped,too_short_or_missing,20
12487,ok,,152
11839,ok,,541
44797,ok,,30
37859,skipped,too_short_or_missing,8
61493,skipped,too_short_or_missing,20
148099,ok,,2146
143039,skipped,too_short_or_missing,3
114048,skipped,too_short_or_missing,6
59562,skipped,too_short_or_missing,16
6788,skipped,too_short_or_missing,2
124484,skipped,too_short_or_missing,3
70875,skipped,too_short_or_missing,1
14740,ok,,973
7482,ok,,247
122132,ok,,286
112198,ok,,38
115852,ok,,175
42045,skipped,too_short_or_missing,20
66783,ok,,952
47916,ok,,785
62458,skipped,too_short_or_missing,20
41568,ok,,139
149690,ok,,61
27797,skipped,too_short_or_missing,10
142089,ok,,1838
13197,skipped,too_short_or_missing,9
112529,ok,,253
11679,ok,,33
79990,ok,,33
26639,ok,,69
67017,ok,,195
60037,skipped,too_short_or_missing,3
88429,skipped,too_short_or_missing,7
36987,ok,,51
68844,ok,,313
111368,ok,,82
37730,ok,,512
119134,ok,,65
149369,ok,,1578
138071,ok,,15228
30636,ok,,133
108841,skipped,too_short_or_missing,20
63747,ok,,48
47192,skipped,too_short_or_missing,5
110260,ok,,294
73573,ok,,67
67366,ok,,249
142362,skipped,too_short_or_missing,20
31356,skipped,too_short_or_missing,5
89447,ok,,1231
126667,ok,,238
97586,ok,,914
142574,ok,,313
15625,skipped,too_short_or_missing,28
97374,ok,,48
25605,skipped,too_short_or_missing,16
41020,ok,,33
91178,skipped,too_short_or_missing,10
69798,ok,,138
134933,skipped,too_short_or_missing,5
148082,ok,,140
67457,skipped,too_short_or_missing,24
144546,ok,,899
15476,skipped,too_short_or_missing,3
121736,ok,,154
121251,ok,,273
7711,ok,,1186
91306,ok,,185
67121,skipped,too_short_or_missing,10
52946,ok,,528
16995,skipped,too_short_or_missing,20
78841,ok,,283
108843,skipped,too_short_or_missing,23
134934,ok,,55
108961,ok,,115
113822,ok,,206
120105,skipped,too_short_or_missing,14
97986,skipped,too_short_or_missing,20
149416,ok,,109
69567,ok,,114
104227,skipped,too_short_or_missing,14
131385,ok,,332
109235,skipped,too_short_or_missing,28
35571,skipped,too_short_or_missing,14
59374,skipped,too_short_or_missing,22
91318,skipped,too_short_or_missing,16
134643,ok,,468
36272,skipped,too_short_or_missing,3
60875,skipped,too_short_or_missing,5
74375,skipped,too_short_or_missing,20
85594,ok,,64
119583,ok,,189
7712,ok,,1045
61006,ok,,47
127206,ok,,200
52954,ok,,879
145259,skipped,too_short_or_missing,10
26025,skipped,too_short_or_missing,5
106951,skipped,too_short_or_missing,5
149951,ok,,452
11921,ok,,382
45122,ok,,116
821,ok,,517
7490,ok,,3037
10808,skipped,too_short_or_missing,9
78843,ok,,249
23155,skipped,too_short_or_missing,10
23014,ok,,173
4236,ok,,181
45126,ok,,46
3762,skipped,too_short_or_missing,10
96728,ok,,172
130349,ok,,1602
111938,ok,,2549
98627,ok,,3667
52502,ok,,771
137990,ok,,162
48999,skipped,too_short_or_missing,5
111579,skipped,too_short_or_missing,20
127155,ok,,33
61012,skipped,too_short_or_missing,10
74377,ok,,30
85953,skipped,too_short_or_missing,16
107588,ok,,55
142536,ok,,349
47666,ok,,130
85490,ok,,245
63789,skipped,too_short_or_missing,18
38824,ok,,143
73792,ok,,30
89857,ok,,541
52039,ok,,952
24983,ok,,39
98583,ok,,3188
112133,ok,,2528
24425,skipped,too_short_or_missing,10
153956,ok,,136
60994,ok,,84
108290,ok,,516
122799,ok,,1964
7495,skipped,too_short_or_missing,23
99364,ok,,55
64625,skipped,too_short_or_missing,14
147412,ok,,156
132118,ok,,564
6467,ok,,156
122066,skipped,too_short_or_missing,10
11789,skipped,too_short_or_missing,23
116372,ok,,41
129096,skipped,too_short_or_missing,20
148537,skipped,too_short_or_missing,5
43856,skipped,too_short_or_missing,18
144938,ok,,114
96399,ok,,290
135373,ok,,279
141903,ok,,125
21404,ok,,299
53578,ok,,75
50444,ok,,137
109684,ok,,503
11916,ok,,36
52947,ok,,134
137214,ok,,88
107850,ok,,361
54063,ok,,147
138053,ok,,34
10682,ok,,123
59687,ok,,132
113164,ok,,295
60478,skipped,too_short_or_missing,14
121866,ok,,173
12390,skipped,too_short_or_missing,6
59726,ok,,109
25227,skipped,too_short_or_missing,10
14690,skipped,too_short_or_missing,18
21409,ok,,199
152543,ok,,478
7491,ok,,492
80687,ok,,282
74386,ok,,99
71243,ok,,3120
76130,skipped,too_short_or_missing,23
114402,skipped,too_short_or_missing,18
71172,ok,,81
149750,skipped,too_short_or_missing,20
61452,ok,,450
105119,ok,,210
44795,ok,,31
122082,skipped,too_short_or_missing,20
9513,ok,,114
148066,ok,,361
59724,skipped,too_short_or_missing,3
43516,skipped,too_short_or_missing,5
108847,skipped,too_short_or_missing,23
79995,ok,,84
113020,skipped,too_short_or_missing,3
124392,skipped,too_short_or_missing,1
6382,skipped,too_short_or_missing,27
87151,skipped,too_short_or_missing,13
67707,skipped,too_short_or_missing,10
52951,ok,,365
60474,ok,,48
86763,skipped,too_short_or_missing,10
5157,ok,,218
19192,skipped,too_short_or_missing,3
46161,skipped,too_short_or_missing,23
99438,ok,,37
150287,ok,,407
132790,ok,,67
105683,ok,,181
43861,ok,,39
6396,ok,,798
145606,ok,,162
149775,skipped,too_short_or_missing,18
17631,ok,,156
144945,ok,,73
193,ok,,31
95911,ok,,2781
135337,ok,,209
150080,ok,,48
138306,ok,,114
6857,ok,,101
11768,ok,,48
42442,skipped,too_short_or_missing,16
29719,skipped,too_short_or_missing,9
118496,ok,,1515
98026,skipped,too_short_or_missing,14
127869,skipped,too_short_or_missing,10
6385,skipped,too_short_or_missing,22
127358,ok,,236
22295,skipped,too_short_or_missing,11
76375,skipped,too_short_or_missing,13
126505,skipped,too_short_or_missing,13
83507,ok,,916
64992,ok,,88
145059,skipped,too_short_or_missing,18
123441,ok,,1461
10375,skipped,too_short_or_missing,3
67331,skipped,too_short_or_missing,5
115765,skipped,too_short_or_missing,1
104063,ok,,32
138017,ok,,2905
92887,skipped,too_short_or_missing,18
55290,skipped,too_short_or_missing,10
65752,ok,,1379
62436,ok,,58
16163,ok,,2171
114940,ok,,254
113949,ok,,189
140791,skipped,too_short_or_missing,13
11504,ok,,203
24421,ok,,439
120111,ok,,515
75374,ok,,385
64840,ok,,267
4067,skipped,too_short_or_missing,18
23371,ok,,720
72783,skipped,too_short_or_missing,24
69767,skipped,too_short_or_missing,10
131939,ok,,143
122168,ok,,402
88858,ok,,1067
126671,ok,,195
6677,skipped,too_short_or_missing,5
43027,ok,,326
5879,ok,,129
11237,ok,,41
125187,ok,,112
62527,ok,,256
64519,ok,,528
10383,ok,,1217
67367,ok,,1849
127402,skipped,too_short_or_missing,10
63043,ok,,1392
129816,skipped,too_short_or_missing,11
113165,skipped,too_short_or_missing,20
154306,skipped,too_short_or_missing,5
3270,skipped,too_short_or_missing,26
69182,ok,,834
111377,ok,,41
109975,ok,,115
108299,ok,,1421
64366,ok,,474
51999,ok,,48
6519,ok,,143
64855,skipped,too_short_or_missing,29
51305,skipped,too_short_or_missing,20
34147,skipped,too_short_or_missing,10
94632,ok,,49
121734,skipped,too_short_or_missing,19
1688,ok,,118
74378,ok,,109
38830,skipped,too_short_or_missing,2
55242,ok,,92
76076,skipped,too_short_or_missing,6
148611,ok,,184
14363,skipped,too_short_or_missing,29
142359,ok,,37
54436,skipped,too_short_or_missing,20
127912,ok,,626
71245,ok,,2320
33071,ok,,236
97587,ok,,1351
60536,skipped,too_short_or_missing,11
69001,skipped,too_short_or_missing,9
80004,skipped,too_short_or_missing,25
123097,ok,,72
108846,ok,,526
127294,ok,,217
69791,skipped,too_short_or_missing,18
141562,ok,,411
54480,skipped,too_short_or_missing,10
44803,ok,,103
148532,ok,,361
46711,skipped,too_short_or_missing,1
96560,ok,,110
107178,skipped,too_short_or_missing,14
113512,ok,,373
47197,skipped,too_short_or_missing,15
41192,ok,,843
110384,ok,,38
55709,ok,,2205
54438,skipped,too_short_or_missing,10
40509,skipped,too_short_or_missing,1
29971,ok,,109
46068,ok,,91
32325,ok,,390
19425,ok,,105
10192,ok,,88
74002,ok,,74
107953,ok,,33
52945,ok,,1028
107185,ok,,372
108297,ok,,767
127267,ok,,133
111182,ok,,126
63191,ok,,843
89484,ok,,243
110923,ok,,156
120177,ok,,110
67660,ok,,71
41381,ok,,92
61160,ok,,595
142571,ok,,386
32760,ok,,134
46846,ok,,385
19890,ok,,35
70655,skipped,too_short_or_missing,21
61884,ok,,388
11775,ok,,115
38784,skipped,too_short_or_missing,10
137627,ok,,43
18037,skipped,too_short_or_missing,5
72234,skipped,too_short_or_missing,10
1195,ok,,339
59707,skipped,too_short_or_missing,2
74384,ok,,67
67334,ok,,256
138207,skipped,too_short_or_missing,20
144468,skipped,too_short_or_missing,1
28375,skipped,too_short_or_missing,7
27802,skipped,too_short_or_missing,11
134936,skipped,too_short_or_missing,23
68909,ok,,34
64253,ok,,175
110736,ok,,32
11671,ok,,193
58334,skipped,too_short_or_missing,0
27194,skipped,too_short_or_missing,11
69789,skipped,too_short_or_missing,8
115932,ok,,165
67556,ok,,156
110610,skipped,too_short_or_missing,10
58166,skipped,too_short_or_missing,11
138041,ok,,116
123965,skipped,too_short_or_missing,10
44347,skipped,too_short_or_missing,25
46718,skipped,too_short_or_missing,24
85419,ok,,152
35184,skipped,too_short_or_missing,1
11918,ok,,589
131422,skipped,too_short_or_missing,23
81071,skipped,too_short_or_missing,20
73765,skipped,too_short_or_missing,10
65745,ok,,694
57891,ok,,68
135336,ok,,564
86082,skipped,too_short_or_missing,10
11795,skipped,too_short_or_missing,18
106465,ok,,99
42040,ok,,464
108306,ok,,156
129439,ok,,143
35734,ok,,320
54481,skipped,too_short_or_missing,11
60143,skipped,too_short_or_missing,6
6329,skipped,too_short_or_missing,5
10521,ok,,1705
7872,ok,,709
4092,skipped,too_short_or_missing,21
51112,skipped,too_short_or_missing,10
49477,ok,,446
138210,skipped,too_short_or_missing,10
75412,ok,,350
39316,ok,,184
64629,ok,,1189
135341,ok,,301
6762,skipped,too_short_or_missing,16
138413,ok,,148
134956,skipped,too_short_or_missing,5
54433,skipped,too_short_or_missing,10
119095,ok,,4102
112586,ok,,1789
16354,ok,,52
63874,skipped,too_short_or_missing,14
131942,skipped,too_short_or_missing,11
96695,ok,,239
9152,ok,,128
91162,skipped,too_short_or_missing,10
147413,skipped,too_short_or_missing,21
108968,skipped,too_short_or_missing,23
24366,ok,,204
135374,ok,,256
61011,ok,,46
42020,ok,,225
113025,skipped,too_short_or_missing,16
40147,ok,,48
54942,skipped,too_short_or_missing,13
131903,ok,,88
88863,ok,,1496
57665,ok,,265
67363,ok,,48
108318,skipped,too_short_or_missing,29
75379,ok,,567
29355,ok,,2800
113935,ok,,48
72046,ok,,1168
90587,skipped,too_short_or_missing,10
142517,ok,,85
64007,ok,,86
67232,skipped,too_short_or_missing,20
127303,skipped,too_short_or_missing,24
40245,ok,,132
49856,ok,,141
111375,skipped,too_short_or_missing,23
153452,skipped,too_short_or_missing,20
43018,ok,,64
126055,skipped,too_short_or_missing,10
107583,skipped,too_short_or_missing,10
49401,ok,,30
107593,skipped,too_short_or_missing,28
136995,skipped,too_short_or_missing,29
32686,ok,,736
822,ok,,1042
38365,skipped,too_short_or_missing,10
48042,ok,,210
4017,ok,,76
84423,skipped,too_short_or_missing,10
120207,skipped,too_short_or_missing,2
63757,skipped,too_short_or_missing,10
53229,skipped,too_short_or_missing,4
56692,ok,,753
80765,skipped,too_short_or_missing,4
43598,skipped,too_short_or_missing,7
14663,ok,,126
136465,ok,,576
107031,ok,,774
144216,ok,,294
104065,ok,,239
73469,ok,,140
46854,ok,,153
115923,skipped,too_short_or_missing,10
96697,ok,,808
64248,ok,,230
104062,skipped,too_short_or_missing,1
109203,skipped,too_short_or_missing,14
2097,skipped,too_short_or_missing,24
87322,ok,,1119
113026,skipped,too_short_or_missing,6
47200,skipped,too_short_or_missing,2
137624,ok,,135
108155,ok,,48
45474,ok,,61
127265,ok,,218
51291,skipped,too_short_or_missing,10
98554,ok,,374
18145,ok,,1120
1083,ok,,48
92874,skipped,too_short_or_missing,20
73584,skipped,too_short_or_missing,10
50952,skipped,too_short_or_missing,10
108863,ok,,100
132019,skipped,too_short_or_missing,14
21400,ok,,106
154308,skipped,too_short_or_missing,23
115271,ok,,32
74671,ok,,82
64988,skipped,too_short_or_missing,10
129374,ok,,148
36986,ok,,726
16743,ok,,76
39658,ok,,202
112318,ok,,123
7526,ok,,256
57627,skipped,too_short_or_missing,18
35008,skipped,too_short_or_missing,10
94423,ok,,185
85494,ok,,140
43698,ok,,847
14358,skipped,too_short_or_missing,20
39659,ok,,217
85973,ok,,833
62196,ok,,220
145750,ok,,376
49070,skipped,too_short_or_missing,23
90590,ok,,2360
56689,ok,,408
91788,ok,,306
87191,ok,,53
55241,ok,,119
131410,skipped,too_short_or_missing,14
38910,skipped,too_short_or_missing,18
117883,ok,,225
75415,ok,,419
134952,skipped,too_short_or_missing,5
111982,skipped,too_short_or_missing,26
108427,ok,,568
43519,skipped,too_short_or_missing,5
146152,ok,,563
4450,skipped,too_short_or_missing,24
126102,ok,,160
19418,skipped,too_short_or_missing,10
90579,skipped,too_short_or_missing,14
80293,ok,,547
75398,ok,,390
42014,ok,,85
1082,skipped,too_short_or_missing,14
50276,ok,,2038
25606,skipped,too_short_or_missing,10
134922,skipped,too_short_or_missing,24
98300,skipped,too_short_or_missing,4
89485,ok,,189
25603,skipped,too_short_or_missing,10
108992,skipped,too_short_or_missing,17
126455,skipped,too_short_or_missing,24
61159,ok,,214
73761,ok,,925
142550,ok,,311
16337,ok,,1706
121926,skipped,too_short_or_missing,6
4074,ok,,224
57939,ok,,502
64787,ok,,59
63471,ok,,83
66782,ok,,231
676,ok,,419
59876,ok,,103
29740,ok,,190
4781,ok,,42
62595,skipped,too_short_or_missing,10
109357,skipped,too_short_or_missing,21
106564,ok,,44
38312,skipped,too_short_or_missing,10
47661,ok,,43
75749,ok,,344
46844,skipped,too_short_or_missing,19
134937,skipped,too_short_or_missing,5
19074,ok,,1921
6373,ok,,38
139522,ok,,104
3911,skipped,too_short_or_missing,10
115926,skipped,too_short_or_missing,11
117670,ok,,1143
147086,skipped,too_short_or_missing,5
99369,skipped,too_short_or_missing,18
89482,ok,,237
113259,skipped,too_short_or_missing,24
40908,ok,,118
98621,ok,,2389
122166,skipped,too_short_or_missing,4
132792,ok,,278
99361,ok,,55
19412,skipped,too_short_or_missing,10
64858,skipped,too_short_or_missing,14
38900,ok,,122
3761,ok,,36
11782,ok,,501
56696,skipped,too_short_or_missing,12
1680,skipped,too_short_or_missing,10
142087,ok,,2686
56493,ok,,1093
96696,ok,,1145
108015,skipped,too_short_or_missing,24
121366,skipped,too_short_or_missing,23
154413,ok,,1234
67364,ok,,1081
47201,skipped,too_short_or_missing,20
70409,ok,,266
10672,ok,,895
91315,skipped,too_short_or_missing,23
144474,skipped,too_short_or_missing,5
66535,ok,,35
52141,ok,,300
110983,skipped,too_short_or_missing,23
52119,ok,,219
71690,ok,,359
87152,ok,,3313
84157,ok,,709
131553,ok,,104
45127,ok,,225
59695,ok,,168
47894,ok,,75
16819,skipped,too_short_or_missing,20
132139,ok,,44
64860,ok,,83
13201,ok,,713
74382,ok,,205
134084,ok,,197
110636,skipped,too_short_or_missing,20
64895,skipped,too_short_or_missing,27
60537,skipped,too_short_or_missing,5
68869,skipped,too_short_or_missing,10
12537,ok,,101
138317,ok,,142
4848,ok,,373
98667,skipped,too_short_or_missing,18
57943,skipped,too_short_or_missing,15
26035,ok,,3154
24899,skipped,too_short_or_missing,6
6684,skipped,too_short_or_missing,3
129904,ok,,1877
51118,skipped,too_short_or_missing,10
7383,skipped,too_short_or_missing,4
130963,ok,,346
108503,ok,,268
24700,skipped,too_short_or_missing,24
132791,ok,,206
49408,skipped,too_short_or_missing,3
6366,skipped,too_short_or_missing,21
70208,ok,,545
40242,skipped,too_short_or_missing,20
32330,ok,,130
130689,skipped,too_short_or_missing,20
44780,skipped,too_short_or_missing,8
40525,skipped,too_short_or_missing,20
95248,ok,,1692
75926,skipped,too_short_or_missing,10
7481,ok,,378
112487,skipped,too_short_or_missing,20
110772,skipped,too_short_or_missing,2
54034,ok,,146
71714,skipped,too_short_or_missing,17
105914,ok,,1365
83908,skipped,too_short_or_missing,3
57936,skipped,too_short_or_missing,10
76078,skipped,too_short_or_missing,5
129624,skipped,too_short_or_missing,7
38353,skipped,too_short_or_missing,20
73572,skipped,too_short_or_missing,10
118195,ok,,111
71303,skipped,too_short_or_missing,1
997,skipped,too_short_or_missing,17
51278,skipped,too_short_or_missing,10
47196,ok,,43
73318,ok,,113
46842,ok,,146
114268,skipped,too_short_or_missing,10
108970,ok,,307
108429,skipped,too_short_or_missing,23
24512,skipped,too_short_or_missing,11
125194,ok,,176
42016,ok,,102
96402,skipped,too_short_or_missing,13
10435,skipped,too_short_or_missing,13
10441,ok,,198
107954,skipped,too_short_or_missing,15
124409,skipped,too_short_or_missing,20
126226,skipped,too_short_or_missing,3
111393,ok,,150
85952,ok,,163
140871,ok,,149
69904,ok,,1480
127623,skipped,too_short_or_missing,14
47662,skipped,too_short_or_missing,10
97216,ok,,155
127909,ok,,803
40237,ok,,256
92885,skipped,too_short_or_missing,20
144933,skipped,too_short_or_missing,19
43766,skipped,too_short_or_missing,23
59658,ok,,178
56520,ok,,228
814,ok,,92
3708,ok,,927
143318,ok,,61
75844,ok,,154
137716,skipped,too_short_or_missing,8
137484,skipped,too_short_or_missing,7
97814,ok,,83
49847,ok,,114
54468,skipped,too_short_or_missing,14
60533,skipped,too_short_or_missing,9
44354,ok,,124
134073,ok,,62
70878,skipped,too_short_or_missing,15
25031,skipped,too_short_or_missing,3
12737,skipped,too_short_or_missing,20
76075,skipped,too_short_or_missing,6
60038,skipped,too_short_or_missing,28
60758,skipped,too_short_or_missing,13
38891,skipped,too_short_or_missing,1
144810,skipped,too_short_or_missing,15
88869,ok,,1496
62531,ok,,96
127193,ok,,208
55285,ok,,245
119379,skipped,too_short_or_missing,18
134959,skipped,too_short_or_missing,10
76074,ok,,158
73771,ok,,392
129620,ok,,217
82410,skipped,too_short_or_missing,6
75391,ok,,1224
91228,ok,,129
39530,ok,,90
135228,skipped,too_short_or_missing,12
67760,ok,,590
88876,ok,,774
27866,skipped,too_short_or_missing,18
138415,ok,,156
26026,skipped,too_short_or_missing,23
110774,skipped,too_short_or_missing,17
24364,skipped,too_short_or_missing,1
32331,skipped,too_short_or_missing,10
75401,ok,,2366
55232,ok,,146
113278,ok,,1328
138416,ok,,158
136994,ok,,65
3266,ok,,242
62591,skipped,too_short_or_missing,11
19413,skipped,too_short_or_missing,10
18877,ok,,268
33415,skipped,too_short_or_missing,11
9155,skipped,too_short_or_missing,10
152254,ok,,89
129093,skipped,too_short_or_missing,24
126431,ok,,345
148302,skipped,too_short_or_missing,7
55402,ok,,142
122810,ok,,393
127184,skipped,too_short_or_missing,20
64861,ok,,48
7489,ok,,535
73193,skipped,too_short_or_missing,20
124185,skipped,too_short_or_missing,20
10675,skipped,too_short_or_missing,10
133332,ok,,38
120518,skipped,too_short_or_missing,13
89843,ok,,588
89991,skipped,too_short_or_missing,3
11204,ok,,571
4097,ok,,312
51157,skipped,too_short_or_missing,22
107851,ok,,135
12514,skipped,too_short_or_missing,1
53157,skipped,too_short_or_missing,23
146482,ok,,370
148210,ok,,102
19708,skipped,too_short_or_missing,11
6342,skipped,too_short_or_missing,24
99095,ok,,519
106274,skipped,too_short_or_missing,25
85487,ok,,137
119993,ok,,157
129915,ok,,130
3763,skipped,too_short_or_missing,20
48450,ok,,48
71372,ok,,223
127273,ok,,225
108014,ok,,102
138067,skipped,too_short_or_missing,20
96675,ok,,610
48492,skipped,too_short_or_missing,6
20050,ok,,1387
47865,ok,,207
207,skipped,too_short_or_missing,3
108487,ok,,418
68355,ok,,109
70813,skipped,too_short_or_missing,21
32340,ok,,100
15471,skipped,too_short_or_missing,14
94426,ok,,243
121321,ok,,780
44854,skipped,too_short_or_missing,14
64410,skipped,too_short_or_missing,9
114408,skipped,too_short_or_missing,5
120189,ok,,208
74373,ok,,39
126489,ok,,277
115263,ok,,42
12489,skipped,too_short_or_missing,13
92888,skipped,too_short_or_missing,19
137605,ok,,157
71174,skipped,too_short_or_missing,10
1666,skipped,too_short_or_missing,7
73767,ok,,175
105196,ok,,146
14661,ok,,2036
9560,ok,,462
76440,ok,,336
148079,skipped,too_short_or_missing,5
113263,skipped,too_short_or_missing,6
14735,ok,,647
36997,skipped,too_short_or_missing,10
5006,ok,,911
88899,ok,,211
121739,ok,,162
1087,skipped,too_short_or_missing,27
73568,skipped,too_short_or_missing,10
113574,ok,,122
150079,skipped,too_short_or_missing,20
9557,ok,,304
127290,ok,,317
127798,skipped,too_short_or_missing,3
114942,skipped,too_short_or_missing,1
67764,ok,,979
149777,ok,,62
87190,skipped,too_short_or_missing,19
4076,ok,,71
119941,ok,,725
47707,ok,,51
149103,ok,,1459
6367,skipped,too_short_or_missing,7
109355,ok,,170
25802,ok,,71
47506,ok,,254
68600,ok,,273
73768,ok,,173
19417,skipped,too_short_or_missing,10
105912,ok,,206
29720,skipped,too_short_or_missing,10
130950,ok,,194
126294,skipped,too_short_or_missing,10
111371,ok,,98
56517,ok,,244
90652,ok,,516
6333,ok,,83
127532,skipped,too_short_or_missing,19
4779,ok,,208
61679,skipped,too_short_or_missing,20
26322,ok,,106
98625,ok,,1922
55231,skipped,too_short_or_missing,10
6517,ok,,135
211,ok,,93
111935,ok,,428
19707,ok,,41
14538,skipped,too_short_or_missing,17
63470,skipped,too_short_or_missing,20
2012,ok,,2093
73675,skipped,too_short_or_missing,10
97590,ok,,877
63456,ok,,99
66644,ok,,1578
